{
    "materials": [{
        "DbgName": "Material.002",
        "DbgIndex": 0,
        "opacity": 1,
        "DbgColor": 15658734,
        "mapDiffuseWrap": ["RepeatWrapping","RepeatWrapping"],
        "colorEmissive": [0,0,0],
        "mapDiffuseRepeat": [1,1],
        "colorDiffuse": [0.64,0.64,0.64],
        "colorAmbient": [0.64,0.64,0.64],
        "colorSpecular": [0.5,0.5,0.5],
        "wireframe": false,
        "blending": "NormalBlending",
        "shading": "phong",
        "transparent": false,
        "depthWrite": true,
        "mapDiffuse": "",
        "vertexColors": false,
        "visible": true,
        "specularCoef": 50,
        "mapDiffuseAnisotropy": 1,
        "depthTest": true
    }],
    "faces": [43,0,1,2,3,0,0,1,2,3,0,1,2,3,43,4,7,6,5,0,4,5,6,7,4,5,6,7,43,0,4,5,1,0,8,9,10,11,0,4,7,1,43,1,5,6,2,0,12,13,14,15,1,7,6,2,43,2,6,7,3,0,16,17,18,19,2,6,5,3,43,4,0,3,7,0,20,21,22,23,4,0,3,5],
    "normals": [0.577349,-0.577349,-0.577349,0.577349,-0.577349,0.577349,-0.577349,-0.577349,0.577349,-0.577349,-0.577349,-0.577349,0.577349,0.577349,-0.577349,-0.577349,0.577349,-0.577349,-0.577349,0.577349,0.577349,0.577349,0.577349,0.577349],
    "colors": [],
    "uvs": [[0.0002,0.9998,0.333134,0.9998,0.333134,0.666867,0.0002,0.666867,0.0002,0.333134,0.0002,0.0002,0.333134,0.0002,0.333134,0.333134,0.0002,0.666467,0.0002,0.333533,0.333134,0.333533,0.333134,0.666467,0.333533,0.666467,0.333533,0.333533,0.666467,0.333533,0.666467,0.666467,0.9998,0.0002,0.666866,0.0002,0.666866,0.333133,0.9998,0.333134,0.333533,0.333134,0.666467,0.333134,0.666467,0.0002,0.333533,0.0002]],
    "vertices": [1,0,-1,1,0,1,-1,0,1,-1,0,-1,1,2,-1,0.999999,2,1,-1,2,1,-1,2,-1],
    "metadata": {
        "materials": 1,
        "type": "Geometry",
        "faces": 6,
        "normals": 8,
        "uvs": 1,
        "version": 3,
        "colors": 0,
        "vertices": 8,
        "generator": "io_three"
    },
    "name": "CubeGeometry.3"
}