{
    "metadata": {
        "normals": 26,
        "faces": 24,
        "generator": "io_three",
        "materials": 1,
        "uvs": 0,
        "version": 3,
        "vertices": 26,
        "type": "Geometry",
        "colors": 0
    },
    "normals": [0,-1,0,0,-0.707083,0.707083,-0.577349,-0.577349,0.577349,-0.707083,-0.707083,0,0,1,0,-0.707083,0.707083,0,-0.577349,0.577349,0.577349,0,0.707083,0.707083,1,0,0,0.707083,0.707083,0,0.577349,0.577349,0.577349,0.707083,0,0.707083,0,0,1,-0.707083,0,0.707083,-1,0,0,-0.577349,0.577349,-0.577349,-0.707083,0,-0.707083,0,0,-1,0,-0.707083,-0.707083,-0.577349,-0.577349,-0.577349,0,0.707083,-0.707083,0.577349,0.577349,-0.577349,0.707083,0,-0.707083,0.577349,-0.577349,-0.577349,0.577349,-0.577349,0.577349,0.707083,-0.707083,0],
    "faces": [35,25,11,2,13,0,0,1,2,3,35,24,19,6,18,0,4,5,6,7,35,23,16,5,12,0,8,9,10,11,35,22,18,6,14,0,12,7,6,13,35,21,19,7,15,0,14,5,15,16,35,20,9,3,15,0,17,18,19,16,35,17,20,15,7,0,20,17,16,15,35,4,10,20,17,0,21,22,17,20,35,10,0,9,20,0,22,23,18,17,35,13,21,15,3,0,3,14,16,19,35,2,14,21,13,0,2,13,14,3,35,14,6,19,21,0,13,6,5,14,35,11,22,14,2,0,1,12,13,2,35,1,12,22,11,0,24,11,12,1,35,12,5,18,22,0,11,10,7,12,35,8,23,12,1,0,25,8,11,24,35,0,10,23,8,0,23,22,8,25,35,10,4,16,23,0,22,21,9,8,35,16,24,18,5,0,9,4,7,10,35,4,17,24,16,0,21,20,4,9,35,17,7,19,24,0,20,15,5,4,35,9,25,13,3,0,18,0,3,19,35,0,8,25,9,0,23,25,0,18,35,8,1,11,25,0,25,24,1,0],
    "uvs": [],
    "name": "CubeGeometry.1",
    "vertices": [1,0,-1,1,0,1,-1,0,1,-1,0,-1,1,2,-1,0.999999,2,1,-1,2,1,-1,2,-1,1,0,0,0,0,-1,1,1,-1,0,0,1,1,1,1,-1,0,-0,-1,1,1,-1,1,-1,1,2,0,0,2,-1,-1e-06,2,1,-1,2,-0,0,1,-1,-1,1,-0,-0,1,1,1,1,0,-0,2,0,0,0,-0],
    "materials": [{
        "depthTest": true,
        "opacity": 1,
        "colorDiffuse": [0.64,0.64,0.64],
        "DbgColor": 15658734,
        "shading": "phong",
        "transparent": false,
        "colorEmissive": [0,0,0],
        "specularCoef": 50,
        "visible": true,
        "DbgName": "Material",
        "colorSpecular": [0.5,0.5,0.5],
        "depthWrite": true,
        "blending": "NormalBlending",
        "DbgIndex": 0,
        "vertexColors": false,
        "wireframe": false
    }],
    "colors": []
}