{
    "colors": [],
    "normals": [0.577349,-0.577349,-0.577349,0.577349,-0.577349,0.577349,-0.577349,-0.577349,0.577349,-0.577349,-0.577349,-0.577349,0.577349,0.577349,-0.577349,-0.577349,0.577349,-0.577349,-0.577349,0.577349,0.577349,0.577349,0.577349,0.577349],
    "materials": [{
        "wireframe": false,
        "shading": "phong",
        "depthWrite": true,
        "vertexColors": false,
        "DbgColor": 15658734,
        "specularCoef": 50,
        "colorDiffuse": [0.64,0.64,0.64],
        "visible": true,
        "depthTest": true,
        "opacity": 1,
        "DbgName": "Material",
        "DbgIndex": 0,
        "colorEmissive": [0,0,0],
        "transparent": false,
        "colorAmbient": [0.64,0.64,0.64],
        "blending": "NormalBlending",
        "colorSpecular": [0.5,0.5,0.5]
    }],
    "uvs": [[0.5,0.5,0.5,0.749957,0.250043,0.749957,0.250043,0.5,0.5,0.250043,0.250043,0.250043,0.250043,8.7e-05,0.5,8.7e-05,0.749957,0.5,0.749957,0.749957,0.5,0.999913,0.250043,0.999913,8.7e-05,0.749957,8.7e-05,0.5]],
    "metadata": {
        "uvs": 1,
        "generator": "io_three",
        "vertices": 8,
        "materials": 1,
        "version": 3,
        "colors": 0,
        "normals": 8,
        "type": "Geometry",
        "faces": 6
    },
    "vertices": [1,0,-1,1,0,1,-1,0,1,-1,0,-1,1,2,-1,0.999999,2,1,-1,2,1,-1,2,-1],
    "name": "CubeGeometry",
    "faces": [43,0,1,2,3,0,0,1,2,3,0,1,2,3,43,4,7,6,5,0,4,5,6,7,4,5,6,7,43,0,4,5,1,0,0,8,9,1,0,4,7,1,43,1,5,6,2,0,1,10,11,2,1,7,6,2,43,2,6,7,3,0,2,12,13,3,2,6,5,3,43,4,0,3,7,0,4,0,3,5,4,0,3,5]
}