{
    "bones":[{
        "parent":-1,
        "name":"Bone",
        "rotq":[0,0,0,1],
        "pos":[0,0,-0]
    },{
        "parent":0,
        "name":"Bone.001",
        "rotq":[0,0,0,1],
        "pos":[0,2,-0]
    },{
        "parent":1,
        "name":"Bone.002",
        "rotq":[0,0,0,1],
        "pos":[0,2,-0]
    },{
        "parent":2,
        "name":"Bone.003",
        "rotq":[0,0,0,1],
        "pos":[0,2,-0]
    }],
    "vertices":[0.5,0,-0.5,0.5,0,0.5,-0.5,0,0.5,-0.5,0,-0.5,0.5,8,-0.5,0.5,8,0.5,-0.5,8,0.5,-0.5,8,-0.5,0.5,2,-0.5,0.5,4,-0.5,0.5,6,-0.5,0.5,2,0.5,0.5,4,0.5,0.5,6,0.5,-0.5,2,0.5,-0.5,4,0.5,-0.5,6,0.5,-0.5,2,-0.5,-0.5,4,-0.5,-0.5,6,-0.5],
    "uvs":[],
    "metadata":{
        "generator":"io_three",
        "type":"Geometry",
        "bones":4,
        "vertices":20,
        "uvs":0,
        "materials":1,
        "version":3,
        "faces":18,
        "normals":18
    },
    "faces":[35,0,1,2,3,0,0,0,0,0,35,4,7,6,5,0,1,1,1,1,35,10,4,5,13,0,2,2,2,2,35,13,5,6,16,0,3,3,3,3,35,16,6,7,19,0,4,4,4,4,35,8,0,3,17,0,5,5,5,5,35,4,10,19,7,0,6,6,6,6,35,10,9,18,19,0,7,7,7,7,35,9,8,17,18,0,8,8,8,8,35,2,14,17,3,0,9,9,9,9,35,14,15,18,17,0,10,10,10,10,35,15,16,19,18,0,11,11,11,11,35,1,11,14,2,0,12,12,12,12,35,11,12,15,14,0,13,13,13,13,35,12,13,16,15,0,14,14,14,14,35,0,8,11,1,0,15,15,15,15,35,8,9,12,11,0,16,16,16,16,35,9,10,13,12,0,17,17,17,17],
    "materials":[{
        "blending":1,
        "shading":"phong",
        "depthTest":true,
        "colorSpecular":[0.5,0.5,0.5],
        "wireframe":false,
        "opacity":1,
        "colorDiffuse":[0.64,0.64,0.64],
        "DbgColor":15658734,
        "doubleSided":false,
        "transparent":false,
        "specularCoef":50,
        "visible":true,
        "DbgIndex":0,
        "depthWrite":true,
        "colorEmissive":[0,0,0],
        "DbgName":"Material"
    }],
    "skinIndices":[0,0,0,0,0,0,0,0,3,0,3,0,3,0,3,0,0,0,2,0,3,2,0,0,2,0,3,2,0,0,2,0,3,2,0,0,2,0,3,2],
    "skinWeights":[0,0,0,0,0,0,0,0,1,0,1,0,1,0,1,0,0,0,1,0,1,1,0,0,1,0,1,1,0,0,1,0,1,1,0,0,1,0,1,1],
    "influencesPerVertex":2,
    "normals":[0,-1,0,0,1,0,1,7.45059e-09,4.32134e-07,-4.02331e-07,2.23517e-08,1,-1,-7.4506e-09,-2.83122e-07,2.08616e-07,-2.98023e-08,-1,2.38419e-07,-2.98023e-08,-1,2.38419e-07,-2.98023e-08,-1,2.5332e-07,-7.45058e-09,-1,-1,-7.45059e-09,-2.83122e-07,-1,-2.23517e-08,-2.83122e-07,-1,-2.98023e-08,-2.98023e-07,-1.3411e-07,2.23517e-08,1,-2.23517e-07,2.23517e-08,1,-2.98023e-07,2.98023e-08,1,1,1.49012e-08,5.96046e-08,1,0,1.78814e-07,1,0,2.98023e-07]
}