{
    "faces": [42,0,8,1,0,0,1,2,0,1,2,42,1,8,2,0,2,1,0,2,1,3,42,2,8,3,0,0,1,3,3,1,4,42,3,8,4,0,3,1,4,4,1,5,42,4,8,5,0,4,1,5,5,1,6,42,5,8,6,0,5,1,4,6,1,7,42,6,8,7,0,4,1,3,7,1,8,42,8,0,7,0,1,0,3,1,0,8,42,10,9,17,0,6,7,8,9,10,1,42,11,10,17,0,9,6,8,11,9,1,42,11,17,12,0,9,8,10,11,1,12,42,13,12,17,0,11,10,8,13,12,1,42,14,13,17,0,12,11,8,14,13,1,42,15,14,17,0,13,12,8,15,14,1,42,16,15,17,0,14,13,8,16,15,1,42,17,9,16,0,8,7,14,1,10,16,42,18,26,19,0,8,7,14,1,17,18,42,19,20,18,0,14,13,8,18,19,1,42,20,21,18,0,13,12,8,19,20,1,42,21,22,18,0,12,11,8,20,21,1,42,22,23,18,0,11,10,8,21,22,1,42,24,18,23,0,9,8,10,23,1,22,42,24,25,18,0,9,6,8,23,24,1,42,25,26,18,0,6,7,8,24,17,1,42,28,27,35,0,6,7,8,25,26,1,42,29,28,35,0,9,6,8,27,25,1,42,29,35,30,0,9,8,10,27,1,28,42,31,30,35,0,11,10,8,29,28,1,42,32,31,35,0,12,11,8,30,29,1,42,33,32,35,0,13,12,8,31,30,1,42,34,33,35,0,14,13,8,32,31,1,42,35,27,34,0,8,7,14,1,26,32,42,36,44,37,0,8,7,14,1,33,34,42,37,38,36,0,14,13,8,34,35,1,42,38,39,36,0,13,12,8,35,36,1,42,39,40,36,0,12,11,8,36,37,1,42,40,41,36,0,11,10,8,37,38,1,42,42,36,41,0,9,8,10,39,1,38,42,42,43,36,0,9,6,8,39,40,1,42,43,44,36,0,6,7,8,40,33,1,42,46,45,53,0,6,7,8,41,42,1,42,47,46,53,0,9,6,8,43,41,1,42,47,53,48,0,9,8,10,43,1,44,42,49,48,53,0,11,10,8,45,44,1,42,50,49,53,0,12,11,8,46,45,1,42,51,50,53,0,13,12,8,47,46,1,42,52,51,53,0,14,13,8,48,47,1,42,53,45,52,0,8,7,14,1,42,48],
    "uvs": [[0.225875,0.025734,0.201474,0.971098,0.235982,0.025734,0.201474,0.025734,0.177073,0.025734,0.166966,0.025734,0.994973,0.505489,0.901914,0.730154,0.677249,0.505489,0.901914,0.280824,0.677249,0.187765,0.452584,0.280824,0.359525,0.505489,0.452584,0.730154,0.677249,0.823213]],
    "materials": [{
        "shading": "phong",
        "mapDiffuseWrap": ["RepeatWrapping","RepeatWrapping"],
        "mapDiffuseAnisotropy": 1,
        "DbgColor": 15658734,
        "doubleSided": true,
        "opacity": 1,
        "DbgIndex": 0,
        "visible": true,
        "mapDiffuseRepeat": [1,1],
        "colorEmissive": [0,0,0],
        "colorDiffuse": [0.8,0.8,0.8],
        "specularCoef": 50,
        "transparent": true,
        "blending": "NormalBlending",
        "mapDiffuse": "pino2.png",
        "DbgName": "Material",
        "wireframe": false,
        "colorSpecular": [0.5,0.5,0.5],
        "depthWrite": true,
        "depthTest": true
    }],
    "vertices": [0.115584,-0,-0.115584,0.163461,-0,-0,0.115584,-0,0.115584,0,-0,0.16346,-0.115584,-0,0.115584,-0.16346,-0,-0,-0.115584,-0,-0.115584,-0,-0,-0.163461,0,4.81243,-0,0.259657,1.47248,-1.08181,0.948564,1.47248,-0.581354,1.08181,1.47248,0.259657,0.581354,1.47248,0.948564,-0.259657,1.47248,1.08181,-0.948564,1.47248,0.581353,-1.08181,1.47248,-0.259657,-0.581354,1.47248,-0.948564,-0,2.4102,-0,-0,3.26467,-0,-0.465083,2.41757,-0.758851,-0.865452,2.41757,-0.207726,-0.758851,2.41757,0.465083,-0.207726,2.41757,0.865452,0.465083,2.41757,0.758851,0.865452,2.41757,0.207726,0.758851,2.41757,-0.465083,0.207726,2.41757,-0.865452,0.148951,3.18257,-0.620579,0.54414,3.18257,-0.333491,0.620579,3.18257,0.148951,0.333491,3.18257,0.54414,-0.148951,3.18257,0.620579,-0.54414,3.18257,0.333491,-0.620579,3.18257,-0.148951,-0.333491,3.18257,-0.54414,-0,3.92903,-0,-0,4.42882,-0,-0.224341,3.89938,-0.366045,-0.417466,3.89938,-0.1002,-0.366045,3.89938,0.224341,-0.1002,3.89938,0.417466,0.224341,3.89938,0.366045,0.417466,3.89938,0.1002,0.366045,3.89938,-0.224341,0.1002,3.89938,-0.417466,0.063613,4.37911,-0.265031,0.232386,4.37911,-0.142424,0.265031,4.37911,0.063612,0.142424,4.37911,0.232386,-0.063613,4.37911,0.265031,-0.232386,4.37911,0.142424,-0.265031,4.37911,-0.063613,-0.142424,4.37911,-0.232386,-0,4.82515,-0],
    "normals": [0.706687,0.033937,-0.706687,0,1,0,0.99942,0.033937,0,0.706687,0.033937,0.706687,0,0.033937,0.99942,-0.706687,0.033937,0.706687,-0.99942,0.033937,0,-0.706687,0.033937,-0.706687,0,0.033937,-0.99942,0.549486,0.764611,-0.336741,0.150395,0.764611,-0.626667,0.626667,0.764611,0.150395,0.336741,0.764611,0.549486,-0.150395,0.764611,0.626667,-0.549486,0.764611,0.336741,-0.626667,0.764611,-0.150395,-0.336741,0.764611,-0.549486,0.160894,0.724357,-0.67037,-0.36024,0.724357,-0.587786,-0.67037,0.724357,-0.160894,-0.587786,0.724357,0.36024,-0.160894,0.724357,0.67037,0.36024,0.724357,0.587786,0.67037,0.724357,0.160894,0.587786,0.724357,-0.36024,0.64803,0.649831,-0.397168,0.177374,0.649831,-0.739067,0.739067,0.649831,0.177374,0.397168,0.649831,0.64803,-0.177374,0.649831,0.739067,-0.64803,0.649831,0.397168,-0.739067,0.649831,-0.177374,-0.397168,0.649831,-0.64803,0.18128,0.629841,-0.755272,-0.405866,0.629841,-0.662221,-0.755272,0.629841,-0.18128,-0.662221,0.629841,0.405866,-0.18128,0.629841,0.755272,0.405866,0.629841,0.662221,0.755272,0.629841,0.18128,0.662221,0.629841,-0.405866,0.727531,0.521409,-0.445875,0.199133,0.521409,-0.829707,0.829707,0.521409,0.199133,0.445875,0.521409,0.727531,-0.199133,0.521409,0.829707,-0.727531,0.521409,0.445875,-0.829737,0.521409,-0.199133,-0.445875,0.521409,-0.727531],
    "metadata": {
        "faces": 48,
        "vertices": 54,
        "normals": 49,
        "uvs": 1,
        "materials": 1,
        "version": 3,
        "generator": "io_three",
        "type": "Geometry"
    },
    "name": "CircleGeometry"
}